old_url	new_url	collection	document_id	field	status
https://pub-65b5b6aff0e441c89e88b4e0e09bb13f.r2.dev/products/4279160ec2f2cdbfd27f043f94700eb6.png	(collected)	products	696cdfd5548603064311047c	images	verified
https://pub-65b5b6aff0e441c89e88b4e0e09bb13f.r2.dev/products/5a8ed0fbdb3eccde2beedb72da0477c8.png	(collected)	products	696cdfd5548603064311047c	images	verified
https://pub-65b5b6aff0e441c89e88b4e0e09bb13f.r2.dev/products/1f1e876a41fc4c1186a17e8a6db656ec.png	(collected)	products	696cdfd5548603064311047c	images	verified
https://pub-65b5b6aff0e441c89e88b4e0e09bb13f.r2.dev/products/6af0d576973945f61b204b8a39b2fbed.png	(collected)	products	696cdfd5548603064311047c	images	verified
https://pub-65b5b6aff0e441c89e88b4e0e09bb13f.r2.dev/products/a47516c81f73a345dd5afcf67313b6c2.png	(collected)	products	696ce06f548603064311048c	images	verified
https://pub-65b5b6aff0e441c89e88b4e0e09bb13f.r2.dev/products/99a6edb4af728184e80080a29835abdb.png	(collected)	products	696ce06f548603064311048c	images	verified
https://pub-65b5b6aff0e441c89e88b4e0e09bb13f.r2.dev/products/7c365e9932bf0813af8618a174c5ca69.png	(collected)	products	696ce06f548603064311048c	images	verified
https://pub-65b5b6aff0e441c89e88b4e0e09bb13f.r2.dev/products/528018e453812ec2d88162ba9413414b.png	(collected)	products	696ce06f548603064311048c	images	verified
https://pub-65b5b6aff0e441c89e88b4e0e09bb13f.r2.dev/products/039f2efad877a7b959905d443c4a67f2.png	(collected)	products	696ce06f548603064311048c	images	verified
https://pub-65b5b6aff0e441c89e88b4e0e09bb13f.r2.dev/products/f77725517a758713fba32f6d754b8844.png	(collected)	products	696ce06f548603064311048c	images	verified
https://pub-65b5b6aff0e441c89e88b4e0e09bb13f.r2.dev/products/34ccbb8654aa07af3ca07652984660b2.png	(collected)	products	696ce06f548603064311048c	images	verified
https://pub-65b5b6aff0e441c89e88b4e0e09bb13f.r2.dev/products/1d8d603300ccc43a1db3623fed466b95.png	(collected)	products	696ce132548603064311049c	images	verified
https://pub-65b5b6aff0e441c89e88b4e0e09bb13f.r2.dev/products/c8f4ca787b2d06bb540d2443c18f996d.png	(collected)	products	696ce132548603064311049c	images	verified
https://pub-65b5b6aff0e441c89e88b4e0e09bb13f.r2.dev/products/120844dc1f7ca553f86ff5498e9fcdbd.png	(collected)	products	696ce132548603064311049c	images	verified
https://pub-65b5b6aff0e441c89e88b4e0e09bb13f.r2.dev/products/6525315ff5a84871aa1fb7ca326f93d9.png	(collected)	products	696ce132548603064311049c	images	verified
https://pub-65b5b6aff0e441c89e88b4e0e09bb13f.r2.dev/products/23b3f8361b2b3e92271d1f3549b891a8.png	(collected)	products	696ce132548603064311049c	images	verified
https://pub-65b5b6aff0e441c89e88b4e0e09bb13f.r2.dev/products/2a17ccc11e114bb3fb2fe39b38923778.png	(collected)	products	696ce21d54860306431104a1	images	verified
https://pub-65b5b6aff0e441c89e88b4e0e09bb13f.r2.dev/products/f1f9dd4714ce022b760507e4903b8e17.png	(collected)	products	696ce21d54860306431104a1	images	verified
https://pub-65b5b6aff0e441c89e88b4e0e09bb13f.r2.dev/products/014b58a6b9a58d9e16e3380dae3e5049.png	(collected)	products	696ce21d54860306431104a1	images	verified
https://pub-65b5b6aff0e441c89e88b4e0e09bb13f.r2.dev/products/afcb2c847098e6596b6e1fbc8cac1339.png	(collected)	products	696ce21d54860306431104a1	images	verified
https://pub-65b5b6aff0e441c89e88b4e0e09bb13f.r2.dev/products/eccfd374acc3faf65e1f9c1d155fb08e.png	(collected)	products	696ce21d54860306431104a1	images	verified
https://pub-65b5b6aff0e441c89e88b4e0e09bb13f.r2.dev/products/7e9f513de84d8d5331a995dfcd184239.jpg	(collected)	products	696ce2c454860306431104a6	images	verified
https://pub-65b5b6aff0e441c89e88b4e0e09bb13f.r2.dev/products/501f6ef8513dbf99d346610e8762a4f1.png	(collected)	products	696ce2c454860306431104a6	images	verified
https://pub-65b5b6aff0e441c89e88b4e0e09bb13f.r2.dev/products/003b5f81b1cb54cf1837805245a6d6c7.png	(collected)	products	696ce2c454860306431104a6	images	verified
https://pub-65b5b6aff0e441c89e88b4e0e09bb13f.r2.dev/products/4907178ecfbd6a0a4b4df26ae89fbc38.png	(collected)	products	696ce2c454860306431104a6	images	verified
https://pub-65b5b6aff0e441c89e88b4e0e09bb13f.r2.dev/products/c2863c68a629f2e9f4704948393861be.png	(collected)	products	696ce2c454860306431104a6	images	verified
https://pub-65b5b6aff0e441c89e88b4e0e09bb13f.r2.dev/products/003fb43bae2c1a28f11bfb5f5da35ba9.jpg	(collected)	products	696ce63a5486030643110517	images	verified
https://pub-65b5b6aff0e441c89e88b4e0e09bb13f.r2.dev/products/36d1962f6d73a76711dfa08e98447d7e.png	(collected)	products	696ce63a5486030643110517	images	verified
https://pub-65b5b6aff0e441c89e88b4e0e09bb13f.r2.dev/products/48335c08f5bc30d948d7714c22a4dcae.png	(collected)	products	696ce63a5486030643110517	images	verified
https://pub-65b5b6aff0e441c89e88b4e0e09bb13f.r2.dev/products/73654da767977ff7c51ae0ab9fdf8d21.png	(collected)	products	696ce63a5486030643110517	images	verified
https://pub-65b5b6aff0e441c89e88b4e0e09bb13f.r2.dev/products/fa354518e7dd4dab6944cc399ad4d236.png	(collected)	products	696ce63a5486030643110517	images	verified
https://pub-65b5b6aff0e441c89e88b4e0e09bb13f.r2.dev/products/abb0fc27fe1028c3dcad8554021316e6.png	(collected)	products	696ce63a5486030643110517	images	verified
https://pub-65b5b6aff0e441c89e88b4e0e09bb13f.r2.dev/products/3906add3a7ccdca35e1fda3eeb314a7d.png	(collected)	products	696ce63a5486030643110517	images	verified
https://pub-65b5b6aff0e441c89e88b4e0e09bb13f.r2.dev/products/e18e1acbad339adfd9daac6066d6d902.png	(collected)	products	69806ae61f9142744b7c2256	images	verified
https://pub-65b5b6aff0e441c89e88b4e0e09bb13f.r2.dev/products/b6918248c618bcdcf0e0d3a1debfaf8b.png	(collected)	products	69806ae61f9142744b7c2256	images	verified
https://pub-65b5b6aff0e441c89e88b4e0e09bb13f.r2.dev/products/6b86ba71bd22b8309d38f6abf6aee5eb.png	(collected)	products	69806ae61f9142744b7c2256	images	verified
https://pub-65b5b6aff0e441c89e88b4e0e09bb13f.r2.dev/products/6178f10618e4399ca87333f4ee6e96f4.png	(collected)	products	69806ae61f9142744b7c2256	images	verified
https://pub-65b5b6aff0e441c89e88b4e0e09bb13f.r2.dev/products/a11042baa33ec562a1dd484e9ed8ba4c.png	(collected)	products	69806ae61f9142744b7c2256	images	verified
https://pub-65b5b6aff0e441c89e88b4e0e09bb13f.r2.dev/products/f905662835ef1a71864df19c35d64606.png	(collected)	products	69a3f53951cb8571efc2f681	images	verified
https://pub-65b5b6aff0e441c89e88b4e0e09bb13f.r2.dev/products/50e8274e60879d208e5e7f51a0dbb73a.png	(collected)	products	69a3f53951cb8571efc2f681	images	verified
https://pub-65b5b6aff0e441c89e88b4e0e09bb13f.r2.dev/products/34fb10b5498845bd95d948ff303eb26c.png	(collected)	products	69a3f53951cb8571efc2f681	images	verified
https://pub-65b5b6aff0e441c89e88b4e0e09bb13f.r2.dev/products/b52cfade6b720f46e379c44509298114.png	(collected)	products	69a3f77c51cb8571efc2f69e	images	verified
https://pub-65b5b6aff0e441c89e88b4e0e09bb13f.r2.dev/products/44794ae12499288dc217e543c659345e.png	(collected)	products	69a3f77c51cb8571efc2f69e	images	verified
https://pub-65b5b6aff0e441c89e88b4e0e09bb13f.r2.dev/products/6ce4d772ac9b81e376b1e6d3c65d2f4c.png	(collected)	products	69a3f77c51cb8571efc2f69e	images	verified
https://pub-65b5b6aff0e441c89e88b4e0e09bb13f.r2.dev/products/70ed4c9ec2fdedb3962074352bf35871.png	(collected)	products	69be7012a210c4947d5dd703	images	verified
https://pub-65b5b6aff0e441c89e88b4e0e09bb13f.r2.dev/products/8dfa893cffc7fa360593b795be838bcd.png	(collected)	products	69be7285a210c4947d5dd714	images	verified
https://pub-65b5b6aff0e441c89e88b4e0e09bb13f.r2.dev/products/8b7c0f0e38e0ed774d2988928d3a7b1c.png	(collected)	products	69be7285a210c4947d5dd714	images	verified
https://pub-65b5b6aff0e441c89e88b4e0e09bb13f.r2.dev/blogs/4271710440e223939e4a6126c63db5bb.png	(collected)	blogs	696521c9b5bfd48f4b79647f	coverImage	verified
https://pub-65b5b6aff0e441c89e88b4e0e09bb13f.r2.dev/blogs/edb31f9a79d75ff5fa5ef37b34b6fdfe.png	(collected)	blogs	698c33331f9142744b7c276e	coverImage	verified
https://pub-65b5b6aff0e441c89e88b4e0e09bb13f.r2.dev/blogs/fc558034891f505c8e17dfa12dbfcd9a.png	(collected)	blogs	698c46461f9142744b7c2812	coverImage	verified
https://pub-65b5b6aff0e441c89e88b4e0e09bb13f.r2.dev/blogs/16bf103c4907acaf1810a3dd7bbb348b.png	(collected)	blogs	698c776c1f9142744b7c28d0	coverImage	verified
https://pub-65b5b6aff0e441c89e88b4e0e09bb13f.r2.dev/blogs/4fb6ef8a7dc26b70331c0ce77f790f45.png	(collected)	blogs	698c88421f9142744b7c296c	coverImage	verified
https://pub-65b5b6aff0e441c89e88b4e0e09bb13f.r2.dev/blogs/12b27aab9f8e0e7fa9a23e565d8b8591.png	(collected)	blogs	698dd3bc1f9142744b7c2a88	coverImage	verified
https://pub-65b5b6aff0e441c89e88b4e0e09bb13f.r2.dev/blogs/84f741a3c80c5fd3f00e234786248669.png	(collected)	blogs	698e1b9d1f9142744b7c2ac6	coverImage	verified
https://pub-65b5b6aff0e441c89e88b4e0e09bb13f.r2.dev/specializations/c516b2fedc09a5d0c4d96ab154f99707.png	(collected)	specializations	696511077565db11c188d650	imageUrl	verified
https://pub-65b5b6aff0e441c89e88b4e0e09bb13f.r2.dev/specializations/3075af9134364f74b70f1bb64a58b6af.png	(collected)	specializations	696ce40154860306431104c1	imageUrl	verified
https://pub-65b5b6aff0e441c89e88b4e0e09bb13f.r2.dev/specializations/a83a55f531b906e7553c2df1967412bb.png	(collected)	specializations	696ce53754860306431104e7	imageUrl	verified
https://pub-65b5b6aff0e441c89e88b4e0e09bb13f.r2.dev/specializations/dcc5308b7e36f58ef85affdf9c17b9bc.png	(collected)	specializations	6984c2a81f9142744b7c2475	imageUrl	verified
https://pub-65b5b6aff0e441c89e88b4e0e09bb13f.r2.dev/hero/aa8f2e0b39dd528c9eb13a4c8a3fede8.jpg	(collected)	hereimages	698059f51f9142744b7c2226	imageUrl	verified
https://pub-65b5b6aff0e441c89e88b4e0e09bb13f.r2.dev/hero/eaecb99a76b1747c26f649fe6306da61.png	(collected)	hereimages	698059f51f9142744b7c2226	mobileImageUrl	verified
https://pub-65b5b6aff0e441c89e88b4e0e09bb13f.r2.dev/hero/25a427d00660d6e2d0a13874658ef46c.png	(collected)	hereimages	698cc31f1f9142744b7c29d5	imageUrl	verified
https://pub-65b5b6aff0e441c89e88b4e0e09bb13f.r2.dev/hero/357961d97564bbbb6b5fd5f37282b6c3.png	(collected)	hereimages	698cc31f1f9142744b7c29d5	mobileImageUrl	verified
https://pub-65b5b6aff0e441c89e88b4e0e09bb13f.r2.dev/hero/a75f861900e77a6ed53939c92f7fb6ab.png	(collected)	hereimages	69904ab31f9142744b7c2b6a	imageUrl	verified
https://pub-65b5b6aff0e441c89e88b4e0e09bb13f.r2.dev/hero/dd7e1030a57ecf7dac7eebd9e81e43bf.png	(collected)	hereimages	69904ab31f9142744b7c2b6a	mobileImageUrl	verified
https://pub-65b5b6aff0e441c89e88b4e0e09bb13f.r2.dev/hero/d1cb4b2802985857f5121608f7d890c5.png	(collected)	hereimages	69be652fa210c4947d5dd68d	imageUrl	verified
https://pub-65b5b6aff0e441c89e88b4e0e09bb13f.r2.dev/hero/7e050e27d7fe319100bb8cdb3f77ee76.png	(collected)	hereimages	69be652fa210c4947d5dd68d	mobileImageUrl	verified
https://pub-65b5b6aff0e441c89e88b4e0e09bb13f.r2.dev/hero/4233dd474be73df5de95a9d4570aa9e6.png	(collected)	hereimages	69be6575a210c4947d5dd699	imageUrl	verified
https://pub-65b5b6aff0e441c89e88b4e0e09bb13f.r2.dev/hero/3458bfd2ba25ca2b0ef6f3585cc1f8db.png	(collected)	hereimages	69be6575a210c4947d5dd699	mobileImageUrl	verified
https://pub-65b5b6aff0e441c89e88b4e0e09bb13f.r2.dev/products/34331667e21459fb3c2bc03d64925305.png	(collected)	orders	69ddd54f885f9ffcf84bfd2a	orderItems[].image	verified
https://pub-65b5b6aff0e441c89e88b4e0e09bb13f.r2.dev/products/eb97fe6ff0c5f0bf1beb0fd0ba37b437.png	(collected)	orders	69eb772b15de8392d35e5f6f	orderItems[].image	verified
https://pub-65b5b6aff0e441c89e88b4e0e09bb13f.r2.dev/products/776f769aa6dcf074d44608e7239cb723.jpg	(collected)	orders	69eb772b15de8392d35e5f6f	orderItems[].image	verified
https://pub-65b5b6aff0e441c89e88b4e0e09bb13f.r2.dev/products/fab1e99b41ab36d45e75a475c3bd61c0.png	(collected)	orders	6a29a60107777883d5ae25f0	orderItems[].image	verified
https://pub-65b5b6aff0e441c89e88b4e0e09bb13f.r2.dev/products/b326c9c7b6af7ef3bb131b26de614c48.png	(collected)	orders	6a3f3f7907777883d5ae32df	orderItems[].image	verified